# Gamma DSD parameters of 1-min PERiLS 2022 PIPS (OTT Parsivel2) spectra, matched to the
# lowest WSR-88D beam over each probe along the drop fall trajectories (IOP1 22 March, IOP2
# 30-31 March, IOP3 5 April 2022; northern Mississippi and Alabama). Moments give Dm and Nw,
# the 2-4-6 moment fit gives mu; minutes with R >= 0.5 mm/h and >= 50 drops m-3.
# Built by ml/models/bayesian_dsd/prior_samples.py; read by radarx.retrieve.dsd_prior("perils2022").
# Data: Dawson, D., M. Biggerstaff, and S. Waugh, 2025: PERiLS_2022: Portable In Situ Precipitation Stations (PIPS) Data. Version 1.0. NSF NCAR Earth Observing Laboratory, https://doi.org/10.26023/HFBG-7W5M-WA00.
# Campaign: Kosiba, K. A., and Coauthors, 2024: The Propagation, Evolution, and Rotation in Linear Storms (PERiLS) Project. Bull. Amer. Meteor. Soc., 105, E1768-E1799, https://doi.org/10.1175/BAMS-D-22-0064.1.
# columns: log10_nw [log10 m-3 mm-1], dm [mm], mu, iop
3.3967,1.3483,4.157,1
3.5805,1.2780,7.957,1
3.7166,1.3272,8.701,1
3.6913,1.4448,7.943,1
3.7066,1.5117,5.717,1
3.6351,1.5683,5.867,1
3.6509,1.6540,5.321,1
3.7392,1.6148,7.601,1
3.6654,1.5553,5.485,1
3.6468,1.5554,4.425,1
3.7314,1.4443,5.322,1
3.5892,1.7544,2.062,1
3.4858,2.0730,-0.546,1
3.6068,2.1618,1.520,1
3.5913,2.3945,1.054,1
3.5919,2.4433,1.459,1
3.3948,2.5796,2.000,1
3.2629,2.5900,1.072,1
3.2867,2.6978,0.727,1
3.3567,2.8622,1.173,1
3.3493,3.0567,1.010,1
3.2761,3.5845,1.014,1
3.4220,3.0989,1.509,1
3.1865,3.4103,-0.228,1
3.5085,2.7437,0.729,1
3.4399,2.9198,1.336,1
3.3748,2.8487,0.099,1
3.5634,2.7972,0.965,1
3.7583,2.2345,2.409,1
3.8023,2.2104,1.382,1
3.7602,2.2638,2.322,1
3.7737,2.1211,3.645,1
3.5247,2.1952,-0.057,1
3.5873,2.0410,0.252,1
3.4663,2.7715,1.959,1
3.6339,2.4281,1.685,1
3.6886,2.2189,0.936,1
3.5601,2.5755,-0.149,1
3.3593,3.0006,-0.242,1
3.5471,2.6211,1.517,1
3.7088,2.1829,3.022,1
3.5497,2.0545,3.077,1
3.7988,1.5005,3.534,1
3.9037,1.2602,7.490,1
3.8858,1.2048,5.411,1
3.8747,1.1979,4.295,1
3.9157,1.1978,5.102,1
3.0266,2.5931,-0.636,1
3.1974,3.1601,1.476,1
3.4350,2.9974,1.400,1
3.5975,2.6868,2.118,1
3.5755,2.5783,1.542,1
3.6010,2.4856,2.578,1
3.5354,2.4718,1.968,1
3.5799,2.3033,2.161,1
3.6933,1.8960,3.481,1
3.5810,1.8751,3.248,1
3.6698,1.9247,3.310,1
3.6034,1.9417,2.472,1
3.6162,1.8051,1.506,1
3.2627,2.6772,0.748,1
3.5351,2.2705,2.210,1
3.5127,2.2144,2.727,1
3.4696,2.3961,3.082,1
3.4615,2.2508,3.679,1
3.4501,2.0569,4.033,1
3.4500,1.7651,2.845,1
3.2460,2.0426,1.488,1
3.3505,2.2583,1.547,1
3.5372,1.9921,3.457,1
3.3916,2.2639,2.881,1
3.6316,1.6728,3.821,1
3.5394,1.5836,3.573,1
3.5540,1.6419,4.098,1
3.2912,1.7975,-0.272,1
3.4523,1.5790,1.580,1
3.4731,1.5641,1.873,1
3.5974,1.3107,1.595,1
3.5978,1.3054,2.785,1
3.5843,1.2543,5.946,1
3.5520,1.1745,5.418,1
3.7304,1.1491,7.263,1
3.1830,2.0312,0.280,1
3.3061,1.9783,1.605,1
3.7189,1.3277,6.345,1
3.7482,1.2363,6.879,1
3.5222,1.6279,2.398,1
3.5938,1.6980,3.531,1
3.5679,1.7703,2.765,1
3.4697,1.9607,1.256,1
3.4143,2.2833,2.496,1
3.4282,2.1669,2.992,1
3.5166,1.8341,2.775,1
3.7174,1.6706,6.795,1
3.6885,1.7594,6.143,1
3.7431,1.5743,5.928,1
3.7681,1.4395,6.504,1
3.7302,1.5070,5.300,1
3.4961,1.7907,0.240,1
3.6260,1.8010,5.003,1
3.5772,1.9217,0.920,1
3.4458,2.4101,0.231,1
3.7086,2.0748,2.115,1
3.5604,2.2714,1.534,1
3.3756,2.5545,1.407,1
3.3985,2.3968,1.808,1
3.3664,2.4114,1.053,1
3.2180,2.8405,1.276,1
3.3318,2.6457,1.511,1
3.2014,3.4385,1.296,1
3.4494,3.0929,0.747,1
3.6558,2.8065,1.343,1
3.7337,2.4667,1.393,1
3.7027,2.4734,1.565,1
3.5111,2.4995,0.565,1
3.4617,2.6602,-0.665,1
3.6557,2.4001,0.121,1
3.7107,2.2141,0.917,1
3.5223,2.6626,1.115,1
3.6544,2.2323,2.290,1
3.5187,2.5692,0.357,1
3.6871,2.4772,1.818,1
3.4939,2.9634,0.817,1
3.4937,3.2756,1.669,1
3.6290,2.5279,0.452,1
3.4703,2.8919,0.233,1
3.4692,3.0358,0.980,1
3.7034,2.4361,1.785,1
3.8577,1.8254,3.213,1
3.8250,1.6203,4.305,1
3.8742,1.4088,4.203,1
3.9110,1.2054,5.579,1
3.9936,1.0813,6.126,1
3.9536,1.1253,5.689,1
3.9019,1.2489,1.298,1
3.3389,2.8083,0.031,1
3.2968,3.3750,0.875,1
3.7251,2.5120,2.355,1
3.6709,2.4201,1.670,1
3.5930,2.5988,1.971,1
3.5713,2.4427,1.131,1
3.7940,1.9409,3.711,1
3.7409,1.8254,2.863,1
3.7390,1.8345,3.629,1
3.7243,1.9009,2.664,1
3.8727,1.5907,4.730,1
3.7916,1.5737,1.121,1
3.3821,2.5490,1.338,1
3.5819,2.3160,2.254,1
3.5035,2.4066,2.627,1
3.4249,2.5886,2.210,1
3.5118,2.2995,1.569,1
3.4522,2.1404,0.664,1
3.4501,2.0707,1.454,1
3.2781,2.5406,2.452,1
3.5851,1.9546,3.199,1
3.5829,1.9023,3.255,1
3.5016,1.9350,2.360,1
3.5882,1.6281,3.992,1
3.6258,1.5119,3.637,1
3.3934,1.7319,0.291,1
3.5309,1.5152,1.849,1
3.2731,1.8189,-0.832,1
3.5497,1.5119,2.430,1
3.5989,1.3843,4.587,1
3.6798,1.1786,4.504,1
3.7593,1.0690,7.256,1
3.6990,1.1157,5.200,1
3.8276,1.0939,5.929,1
3.4858,1.3922,1.034,1
3.4192,1.7044,0.324,1
3.6256,1.5985,3.583,1
3.6192,1.4649,2.957,1
3.6454,1.2623,2.540,1
3.4222,1.7842,1.696,1
3.4513,1.8538,2.684,1
3.4507,1.9494,2.264,1
3.5770,1.9119,3.132,1
3.5372,2.1302,2.106,1
3.4213,2.2908,0.438,1
3.6522,1.9031,3.232,1
3.5498,1.8294,1.266,1
3.7383,1.4923,6.317,1
3.7666,1.2972,3.568,1
3.7305,1.2234,3.178,1
3.5185,1.4674,1.008,1
3.6221,1.4978,4.218,1
2.9488,1.7523,2.947,1
3.0571,1.4961,11.280,1
3.6676,1.0703,5.697,1
3.7983,1.0301,8.471,1
3.8890,0.9466,8.445,1
3.9005,1.0281,12.916,1
3.9404,0.9613,14.187,1
3.9693,0.9833,9.343,1
3.9454,1.1341,9.083,1
3.9855,1.2659,8.066,1
3.9158,1.1918,6.191,1
3.8723,1.1863,7.708,1
3.8084,1.3074,3.129,1
3.9515,1.0498,8.880,1
3.7958,1.2439,3.953,1
3.8869,1.4090,5.648,1
3.8878,1.4508,4.345,1
3.7405,1.6664,0.579,1
3.9147,1.4646,4.292,1
3.8995,1.4719,1.825,1
3.7492,1.6649,0.853,1
3.7517,1.9222,1.036,1
3.6662,2.2913,1.548,1
3.6951,2.3329,1.170,1
3.5555,2.7158,1.042,1
3.6349,2.4655,1.142,1
3.7183,2.3569,2.240,1
3.7534,2.2793,2.528,1
3.9494,1.6102,2.204,1
4.0737,1.4589,1.773,1
3.9556,1.7296,0.520,1
3.7453,2.4060,1.587,1
3.7047,2.2753,1.173,1
3.7191,1.9834,1.569,1
4.0280,1.3570,2.168,1
3.8669,1.5339,-0.442,1
3.6859,1.8606,-0.187,1
3.7153,1.9435,0.884,1
3.9245,1.7194,1.454,1
3.9529,1.6217,-0.510,1
3.4607,2.4161,-0.420,1
3.4980,2.5036,0.877,1
3.5069,2.5589,0.998,1
3.7908,1.7697,2.508,1
3.8352,1.6015,4.273,1
3.8199,1.4319,3.666,1
3.9885,1.1869,4.560,1
4.1481,1.0508,4.323,1
4.1831,1.0554,0.996,1
3.6408,2.1569,0.106,1
3.7211,2.2171,1.027,1
3.5782,2.4129,0.634,1
3.7284,1.9917,2.592,1
3.8062,1.7314,3.581,1
3.7648,1.8104,3.695,1
3.8549,1.7315,4.371,1
3.7866,1.7390,3.018,1
3.8822,1.4003,4.437,1
3.9059,1.3316,2.428,1
3.8942,1.4902,2.920,1
3.9682,1.3015,3.145,1
3.8122,1.4308,0.105,1
3.5486,1.8901,1.239,1
3.5895,1.9570,2.453,1
3.6968,1.8122,2.939,1
3.6501,1.8033,2.628,1
3.8449,1.4993,4.662,1
3.7228,1.4429,3.540,1
3.7811,1.3229,1.309,1
3.7998,1.5466,3.691,1
3.7870,1.4845,2.942,1
3.7337,1.5856,2.810,1
3.7688,1.5016,3.894,1
3.7359,1.3848,0.917,1
3.6651,1.3482,0.990,1
3.6235,1.3650,0.767,1
3.8124,1.1844,4.119,1
3.7856,1.1150,2.649,1
3.9056,1.0447,5.373,1
3.9388,1.0302,7.131,1
3.0842,1.4088,15.195,1
3.6617,0.9106,10.089,1
3.5942,1.1777,4.891,1
3.9244,1.0586,21.656,1
3.9706,1.0860,17.260,1
3.9134,1.1509,14.912,1
3.8881,1.1784,9.255,1
3.8852,1.2150,11.549,1
3.9420,1.3189,8.739,1
3.8909,1.2673,9.896,1
3.7118,1.3371,4.332,1
3.9339,1.2527,8.282,1
3.8376,1.3517,6.216,1
3.8220,1.3967,6.377,1
3.7923,1.5632,2.770,1
3.8343,1.7729,1.785,1
3.7678,1.9833,1.206,1
3.8943,1.7631,1.697,1
3.8526,1.8422,1.740,1
3.6480,2.1340,0.059,1
3.6576,2.3310,1.455,1
3.5524,2.4833,-0.082,1
3.3859,3.3142,1.623,1
3.2284,3.2807,0.457,1
3.5521,2.5244,0.811,1
3.6553,2.5139,1.944,1
3.7357,2.2785,3.237,1
3.8301,1.8447,2.754,1
3.5770,2.4121,-0.325,1
3.6681,2.5958,1.222,1
3.7574,2.5891,1.269,1
3.8205,2.5572,2.385,1
3.6507,2.6230,2.750,1
3.5771,2.5372,1.882,1
3.5816,2.0857,1.790,1
3.9154,1.4762,4.141,1
3.5328,2.3196,-0.403,1
3.7854,1.9978,2.354,1
3.8708,1.8789,2.236,1
3.5533,2.3492,0.012,1
3.5643,2.7057,1.657,1
3.6845,2.4342,2.734,1
3.6413,2.2952,2.119,1
3.6832,1.9178,3.038,1
3.8505,1.4804,5.067,1
3.9345,1.4128,6.236,1
3.8872,1.2537,6.531,1
3.9761,1.1408,6.572,1
3.7822,1.3743,0.681,1
3.2683,2.4861,0.785,1
3.4212,2.6945,1.247,1
3.6480,2.4174,2.210,1
3.6827,2.1179,1.940,1
3.6809,2.1860,2.089,1
3.7192,2.0799,1.690,1
3.7007,2.2258,2.731,1
3.7439,1.9802,3.249,1
3.8755,1.5446,4.156,1
3.8507,1.5222,3.858,1
3.8777,1.6299,4.322,1
3.8801,1.6575,4.046,1
3.8638,1.5251,2.765,1
3.5484,2.1483,0.845,1
3.5709,2.0306,0.677,1
3.6141,2.1009,3.357,1
3.7051,1.9372,3.908,1
3.7422,1.6085,3.881,1
3.7369,1.5214,4.141,1
3.7051,1.3732,4.937,1
3.5935,1.7050,1.115,1
3.7120,1.8406,3.484,1
3.6683,1.7521,3.497,1
3.6163,1.9446,3.083,1
3.6975,1.6725,6.068,1
3.6704,1.4561,2.992,1
3.5353,1.6170,0.708,1
3.7301,1.3776,1.458,1
3.7863,1.2881,4.946,1
3.7492,1.1790,2.216,1
3.5864,1.2793,1.369,1
3.7319,1.1562,3.918,1
3.9973,0.9661,13.367,1
3.9301,0.9472,14.307,1
3.7684,1.0883,3.321,1
3.5250,1.3466,-0.782,1
3.3537,1.9889,0.507,1
3.8200,1.3616,6.806,1
3.8860,1.1547,6.924,1
2.9689,1.7810,2.835,2
2.8447,1.8628,3.164,2
2.7168,1.9135,2.656,2
2.7188,1.8728,3.450,2
2.9165,1.7394,2.935,2
2.8770,1.9806,2.938,2
3.0765,1.9638,2.370,2
3.1022,1.9258,3.635,2
2.9282,2.0280,1.989,2
2.9433,1.9836,1.222,2
3.1833,1.9823,1.145,2
3.1841,2.0603,2.565,2
3.0816,2.0611,1.543,2
3.1306,2.1238,0.180,2
3.0135,2.1403,1.651,2
3.0038,2.0673,1.107,2
3.0373,2.0879,1.451,2
2.7636,2.4938,0.644,2
2.9444,2.1186,2.254,2
3.0558,1.8173,2.838,2
2.9656,2.0698,3.076,2
3.1377,1.8227,6.173,2
3.3263,1.6684,5.162,2
3.4099,1.5149,6.269,2
3.4332,1.4658,5.399,2
3.5407,1.3113,4.570,2
3.4779,1.4446,1.633,2
3.7886,1.3066,1.478,2
3.6506,2.2214,-0.385,2
3.5869,2.6889,0.393,2
3.7714,2.1159,1.759,2
3.7171,1.9947,0.958,2
3.4327,2.7332,-0.103,2
3.3844,2.8983,0.543,2
3.6466,2.9966,0.239,2
3.9393,2.5865,1.884,2
3.7368,2.4583,1.114,2
3.8490,2.0240,1.971,2
3.7268,2.3053,1.069,2
3.6374,2.9212,1.345,2
3.7777,2.9871,1.953,2
3.7695,2.7934,0.701,2
3.6236,2.9129,0.996,2
3.9273,2.2693,2.855,2
3.7289,2.1585,1.028,2
3.5571,2.7435,-0.182,2
3.5600,2.7080,0.371,2
3.4653,2.9369,1.226,2
3.4567,3.1938,1.075,2
3.7195,2.2424,1.457,2
3.7918,1.9403,2.882,2
3.5955,2.4226,1.465,2
3.6439,2.3614,1.506,2
3.8448,1.7922,3.170,2
3.7733,1.8312,1.449,2
3.5655,2.3060,1.844,2
3.4395,2.2242,0.913,2
3.5796,1.8206,0.835,2
3.7748,1.8710,3.001,2
3.7218,1.8717,2.313,2
3.8274,1.7327,3.430,2
3.8631,1.8275,5.188,2
3.8192,1.9012,3.991,2
3.8104,1.9436,3.928,2
3.8234,1.8308,3.881,2
3.5737,1.9029,2.599,2
3.7667,1.8959,3.340,2
3.7402,1.6910,3.695,2
3.7041,1.7623,3.537,2
3.7157,1.5292,4.060,2
4.0153,1.3005,7.113,2
3.9811,1.3076,5.958,2
3.9114,1.2605,6.918,2
3.7895,1.2944,5.755,2
3.5680,1.4805,1.075,2
3.6097,1.5254,1.683,2
3.6379,1.5848,1.808,2
3.3745,2.0163,0.062,2
3.3258,2.1026,0.783,2
3.4799,1.7665,3.348,2
3.4294,1.8671,1.401,2
3.3467,1.9120,2.358,2
3.2346,2.0255,0.943,2
3.0652,2.0644,1.539,2
3.1067,2.0183,0.646,2
3.1772,1.9469,1.557,2
3.0246,1.9195,2.998,2
2.9807,2.2243,1.684,2
3.0729,1.9097,2.104,2
2.5288,2.7774,-0.359,2
2.9874,1.9384,4.622,2
3.0618,1.8592,2.020,2
2.9960,1.8816,1.910,2
2.8719,1.9702,2.219,2
2.8615,1.8669,0.677,2
2.8781,1.8347,2.542,2
2.8656,1.9204,3.060,2
2.6409,2.2994,-0.348,2
2.9274,2.1227,3.089,2
3.1051,1.7085,1.904,2
3.2292,1.6319,1.321,2
2.9922,1.9655,0.148,2
3.1001,2.0251,2.054,2
2.6977,2.4951,-0.775,2
3.1724,1.9215,3.408,2
3.1860,2.0068,2.662,2
3.0340,2.1223,0.902,2
2.8858,2.2477,1.009,2
2.8111,2.5499,-0.495,2
2.8645,2.2120,0.588,2
2.7398,2.4895,0.492,2
2.8033,2.1608,1.743,2
2.9117,2.0145,3.361,2
2.9635,2.0471,2.558,2
3.1110,1.8096,6.010,2
3.0799,1.6639,3.846,2
3.1461,1.8161,4.782,2
3.2917,1.4613,10.480,2
3.2563,1.5394,2.191,2
3.5696,1.3197,10.432,2
3.5212,1.3289,4.004,2
3.2300,2.0286,0.630,2
3.6013,1.8221,2.909,2
3.3728,2.4618,1.392,2
3.5910,2.3999,2.877,2
3.7108,2.2819,1.736,2
3.7026,2.8617,-0.140,2
3.9777,2.4642,1.099,2
3.8659,2.6417,1.482,2
3.7471,2.6228,1.153,2
3.5435,2.7397,0.478,2
3.6890,2.5865,1.185,2
3.8408,2.7787,1.876,2
3.8906,2.5990,1.510,2
3.8713,2.3854,1.934,2
4.0024,1.9532,2.022,2
3.9793,1.9258,2.542,2
3.8036,2.2708,2.188,2
3.8317,2.2081,0.599,2
3.7883,2.9544,0.868,2
3.9877,2.4727,1.721,2
3.8362,2.0494,0.270,2
3.6234,2.3594,-0.441,2
3.4914,2.7850,0.334,2
3.8727,2.2422,1.594,2
3.8880,1.9364,2.111,2
3.7964,1.8563,2.213,2
3.8056,2.0118,2.913,2
3.6108,2.4561,1.529,2
3.8725,2.0656,4.162,2
3.8058,2.1042,2.017,2
3.7551,2.3431,1.657,2
3.8530,1.9816,1.968,2
3.7029,2.2300,1.736,2
3.7746,2.1220,2.802,2
3.8176,2.1192,3.085,2
4.0219,1.6387,5.784,2
3.9278,1.7488,4.278,2
3.9980,1.6794,3.695,2
3.9224,1.6880,3.897,2
3.9018,1.5927,4.710,2
3.8860,1.6122,2.486,2
3.9995,1.5773,4.730,2
4.1118,1.3359,8.717,2
4.1685,1.2161,7.222,2
4.2334,1.2137,7.721,2
4.2025,1.1490,6.857,2
4.0115,1.2755,3.804,2
4.0327,1.3151,1.737,2
3.8828,1.4628,1.081,2
3.6347,1.7759,0.898,2
3.7327,1.6373,1.825,2
3.7339,1.5857,2.973,2
3.7288,1.3482,1.502,2
3.2736,1.8629,-0.759,2
3.2036,2.0286,0.438,2
3.5022,1.4929,2.546,2
3.5998,1.4362,1.223,2
3.5011,1.5743,0.626,2
3.4901,1.7370,1.931,2
3.4199,1.7497,2.135,2
3.5187,1.4887,1.569,2
3.6880,1.3181,1.727,2
3.9969,1.0731,3.679,2
4.0946,1.1520,5.218,2
4.1992,1.1368,8.788,2
4.2439,1.1806,10.184,2
4.1932,1.1721,9.043,2
3.4689,1.5272,4.053,2
3.2596,1.8035,1.999,2
3.3155,1.5326,1.529,2
3.3812,1.5701,3.361,2
3.1050,2.0731,1.400,2
3.0132,2.0832,0.786,2
3.2599,1.4555,2.424,2
3.2761,1.6551,2.127,2
3.2610,1.7637,2.872,2
3.3240,1.5718,1.910,2
3.3775,1.7351,3.796,2
3.5506,1.4853,5.579,2
3.6527,1.3696,4.768,2
3.6278,1.5132,4.767,2
3.4956,1.4889,2.947,2
3.5684,1.4947,2.478,2
3.6943,1.3567,4.699,2
3.9725,1.3951,0.601,2
3.9128,2.3785,0.504,2
4.0274,2.4203,2.245,2
4.0865,2.3682,1.618,2
3.6903,2.9170,0.777,2
3.6287,2.6649,0.398,2
3.6604,2.5430,0.654,2
3.6006,2.6915,0.221,2
3.5391,2.9654,0.690,2
3.6430,2.7969,1.214,2
3.6377,3.2003,0.754,2
3.9274,2.6056,0.937,2
4.0892,2.0161,1.976,2
3.9064,1.8214,1.771,2
3.7948,1.8361,2.179,2
3.5682,2.1356,-0.384,2
3.7504,1.9540,2.338,2
3.7097,1.9665,3.169,2
3.7187,1.9407,2.748,2
3.7926,1.8206,4.505,2
3.7621,1.8328,2.394,2
3.7374,1.9351,2.727,2
3.6457,2.0211,2.376,2
3.7915,1.8916,4.122,2
3.8913,1.6415,5.694,2
3.8295,1.4831,5.730,2
3.9463,1.4100,9.890,2
3.9777,1.4188,8.750,2
3.8746,1.4547,3.989,2
3.9957,1.5071,6.706,2
3.9031,1.7134,3.571,2
3.9788,1.6145,5.633,2
3.8148,1.7653,3.110,2
3.8701,1.7905,4.243,2
3.9104,1.6011,4.758,2
3.8921,1.6257,5.407,2
3.8997,1.3425,5.721,2
3.9271,1.5624,4.981,2
3.8029,1.5227,4.172,2
3.7449,1.5756,1.964,2
3.6710,1.7296,1.000,2
3.7200,1.6636,1.812,2
3.6483,1.7673,2.095,2
3.6253,1.6867,2.717,2
3.5823,1.7930,2.503,2
3.4503,1.9609,1.344,2
3.2924,1.7036,2.553,2
3.1366,1.7800,1.843,2
2.8977,2.0701,0.062,2
2.9871,2.0052,2.212,2
2.8738,2.2826,0.638,2
3.0125,1.8910,1.531,2
3.2288,1.6877,2.102,2
3.1732,1.7334,1.333,2
3.1800,1.7821,1.033,2
3.3878,1.6844,5.395,2
3.5304,1.4822,7.977,2
3.6056,1.3365,8.046,2
3.5313,1.4597,5.682,2
3.6091,1.4458,4.927,2
3.6976,1.3670,5.923,2
3.7001,1.2889,5.377,2
4.0741,1.1973,3.958,2
3.8699,2.4558,1.361,2
4.0603,2.3907,1.964,2
3.8676,2.4126,1.174,2
3.9045,2.4333,0.629,2
3.7101,2.4810,0.352,2
3.7615,2.4295,1.078,2
3.7881,2.4032,0.642,2
3.6511,2.7537,0.533,2
3.7903,2.5961,1.351,2
3.7540,3.0698,1.307,2
4.0284,2.4984,1.190,2
4.1010,2.0585,2.121,2
3.9906,1.7566,2.337,2
3.9080,1.7460,2.300,2
3.7006,1.9734,1.051,2
3.7068,1.9914,3.046,2
3.6794,1.9983,3.154,2
3.7036,2.0377,3.357,2
3.7415,1.9356,3.911,2
3.8317,1.7509,5.317,2
3.6239,2.0631,3.056,2
3.6045,2.1648,1.409,2
3.7591,2.0579,4.398,2
3.8240,1.7867,4.225,2
3.9623,1.4189,7.546,2
3.9531,1.4235,5.354,2
4.0045,1.4069,7.934,2
3.9753,1.4055,6.477,2
3.9795,1.5222,5.835,2
3.9151,1.7270,2.801,2
3.9328,1.7217,4.009,2
3.7888,1.8049,2.517,2
3.9584,1.7369,4.461,2
3.9389,1.6759,5.121,2
3.9102,1.6299,6.627,2
3.9184,1.4335,3.592,2
3.8876,1.6557,4.604,2
3.7206,1.6591,0.571,2
3.7065,1.6773,1.060,2
3.5574,1.8794,-0.062,2
3.7084,1.6924,1.754,2
3.7462,1.6529,1.017,2
3.7220,1.7055,1.538,2
3.6884,1.7243,2.031,2
3.4177,2.0250,2.129,2
3.3093,1.7808,1.150,2
3.4673,1.4413,2.818,2
3.5444,1.7277,4.081,2
3.6882,2.0364,2.119,3
3.9643,1.4988,2.476,3
3.8549,1.8579,3.909,3
3.7881,1.9666,2.988,3
4.0330,1.5432,5.428,3
4.1659,1.3126,5.642,3
3.8545,1.8202,2.575,3
3.9066,1.8335,5.612,3
3.8422,1.6575,5.873,3
3.8805,1.4604,2.133,3
3.8048,1.8082,5.086,3
3.8590,1.4597,5.191,3
3.9311,1.2434,4.353,3
3.8748,1.1823,3.813,3
3.8915,1.0712,2.780,3
3.5242,1.4842,-0.306,3
3.7230,1.2306,1.716,3
3.6621,1.3095,2.127,3
3.8475,1.1458,4.716,3
3.4979,1.4287,0.645,3
3.1122,1.7851,-0.281,3
3.2133,1.6706,0.870,3
3.5985,1.2525,0.719,3
3.6936,1.4603,2.641,3
3.5458,1.8950,1.179,3
3.6460,2.0052,1.657,3
3.3544,2.2870,0.699,3
3.4453,2.0135,0.516,3
3.5342,1.9638,0.614,3
3.6883,1.4660,1.098,3
3.4409,1.9768,1.184,3
3.7678,2.0050,4.276,3
3.8736,1.6836,2.757,3
3.8132,1.4441,1.160,3
3.6272,1.5189,-0.199,3
3.3367,2.2288,1.782,3
3.8867,1.8259,2.274,3
4.2608,1.4062,2.340,3
3.9178,2.2623,2.312,3
3.6372,2.3116,1.841,3
3.5433,1.7879,0.324,3
3.7244,1.7244,2.834,3
3.7943,1.8686,3.278,3
3.6589,1.7462,2.368,3
3.8131,1.2552,0.228,3
3.5131,1.6142,1.091,3
3.3670,1.5760,1.300,3
3.4010,1.6775,3.725,3
3.4311,1.8868,5.354,3
3.3608,1.9166,4.410,3
3.2759,2.1227,4.857,3
3.4060,1.6413,3.707,3
3.2896,1.7054,4.618,3
3.3052,1.6840,1.953,3
3.5493,1.4226,3.811,3
3.6428,1.2809,2.105,3
3.6736,1.2413,4.685,3
3.7615,1.1914,7.726,3
3.8048,1.2635,3.983,3
3.9403,1.3314,2.582,3
3.8396,1.6398,2.157,3
3.5945,2.4300,2.422,3
3.5950,2.7007,1.599,3
3.5920,2.9114,1.064,3
3.5257,2.9000,1.527,3
3.6551,2.6071,0.818,3
3.7193,3.0202,1.335,3
3.8756,2.7321,2.543,3
3.7173,2.8510,1.935,3
3.7384,2.7779,0.686,3
3.6783,3.0527,1.568,3
3.5964,2.5846,1.964,3
3.5363,2.3761,2.016,3
3.6018,2.1615,2.287,3
3.6771,1.8786,1.423,3
3.0100,3.0541,-0.635,3
3.4241,2.4207,0.548,3
3.0632,3.7496,1.163,3
3.7923,1.6066,1.580,3
3.0804,2.6587,-0.377,3
3.0992,3.3136,0.096,3
3.2561,2.5453,0.174,3
3.6585,1.7486,2.293,3
3.5870,1.8640,0.931,3
3.5097,2.0930,1.702,3
3.4606,2.1230,1.823,3
3.4707,1.7256,3.695,3
3.2784,1.8467,4.335,3
3.0215,1.9698,4.005,3
3.1319,2.0837,4.093,3
2.8615,2.1914,1.744,3
2.6710,2.3064,2.138,3
2.4436,2.6116,1.225,3
2.6833,2.2623,1.244,3
2.7733,2.4507,0.741,3
2.8924,2.2200,2.198,3
2.8383,2.2943,0.653,3
2.5772,3.0645,0.911,3
2.6217,2.8337,1.454,3
2.6886,2.6799,0.592,3
2.8599,2.4012,2.345,3
2.6389,2.6526,1.221,3
2.7440,2.3272,2.835,3
2.7641,2.2329,2.016,3
2.7947,2.3305,4.030,3
2.8423,2.0018,1.994,3
2.6883,2.5062,2.643,3
2.7228,2.5502,1.105,3
2.6998,2.4917,1.670,3
2.7735,2.4303,1.595,3
2.8815,2.4445,4.154,3
2.8096,2.4054,1.169,3
2.9782,2.3087,4.779,3
3.6341,1.5922,2.222,3
3.6509,1.6494,2.568,3
3.5307,1.9643,3.259,3
3.6554,1.7410,3.558,3
3.7566,1.7680,3.836,3
3.8741,1.5990,3.333,3
3.9765,1.2096,2.844,3
4.0040,1.2075,1.655,3
4.0901,1.2374,2.982,3
3.9929,1.4947,2.565,3
3.6183,2.4032,0.471,3
3.6867,2.2897,0.645,3
3.9377,1.8289,3.471,3
3.9013,1.7575,3.436,3
4.0714,1.3738,6.600,3
4.0510,1.4709,7.285,3
4.1340,1.3616,7.535,3
4.0464,1.3912,5.000,3
4.0166,1.4875,7.995,3
3.8768,1.3297,4.424,3
3.8461,1.2852,4.395,3
3.9668,1.4051,6.130,3
3.8296,1.5045,4.995,3
3.8396,1.2798,4.596,3
3.8231,1.3170,1.842,3
3.7033,1.2080,3.791,3
3.5977,1.2108,2.531,3
3.2261,1.4499,-0.857,3
2.9015,2.2359,-0.310,3
3.0264,2.1393,1.323,3
3.4466,1.4538,3.274,3
3.3694,1.4864,3.228,3
3.6373,1.2326,8.459,3
3.6613,1.1864,6.021,3
3.9210,1.1368,9.052,3
3.7941,1.3665,2.944,3
4.0473,1.2233,4.607,3
3.8273,1.4183,1.655,3
3.4519,2.1746,1.702,3
3.5207,1.8463,1.148,3
3.2144,1.8131,-0.151,3
3.7217,1.4357,2.260,3
3.5523,1.5033,-0.265,3
3.4798,1.6660,1.618,3
3.5090,1.5580,1.662,3
3.5877,1.5146,1.225,3
3.6591,1.5833,-0.797,3
3.9595,1.5636,2.235,3
3.8961,1.6213,2.335,3
3.8664,1.4628,3.750,3
3.2865,2.8582,0.959,3
3.6452,1.3828,2.085,3
2.7105,2.0853,0.859,3
2.6548,2.1570,-0.781,3
2.4537,2.9269,-0.438,3
3.1038,1.7614,2.831,3
3.0275,1.8745,1.476,3
3.0828,1.6605,2.039,3
3.1773,1.6315,2.001,3
3.1914,1.7670,3.283,3
3.2889,2.3226,4.469,3
3.1279,1.9835,1.141,3
3.4188,1.5967,3.467,3
3.4027,1.6862,5.403,3
3.4298,1.5864,7.338,3
3.3264,1.5991,2.592,3
3.5111,1.2999,5.463,3
3.4788,1.4991,2.159,3
3.9900,1.0603,2.588,3
4.0538,1.6162,1.843,3
3.8670,2.5135,1.180,3
3.7712,2.6531,1.493,3
3.7137,2.8254,1.379,3
3.7021,2.7425,2.070,3
3.5591,2.8428,1.524,3
3.6737,2.4771,2.467,3
3.5478,2.7055,2.087,3
3.7100,2.6933,1.433,3
3.7953,2.6785,3.072,3
3.6835,2.6925,1.111,3
3.7745,2.5273,1.772,3
3.7207,2.4181,1.114,3
3.4512,2.8242,1.276,3
3.6066,2.4114,2.833,3
3.6873,2.0615,3.970,3
3.7289,1.8833,3.181,3
3.8033,1.6291,5.372,3
3.7143,1.7011,3.672,3
3.7312,1.7631,4.085,3
3.6642,1.8303,2.179,3
3.7060,1.7386,4.713,3
3.7304,1.6688,5.023,3
3.7698,1.6187,4.418,3
3.8622,1.4645,5.816,3
3.6865,1.6834,4.301,3
3.5716,1.7251,4.533,3
3.4117,1.8328,3.961,3
3.0388,1.8754,3.533,3
2.9826,1.9336,3.386,3
3.0286,2.0697,3.516,3
3.0357,2.0830,3.133,3
2.6898,2.3895,0.966,3
2.6132,2.0005,3.935,3
2.5153,2.3828,3.180,3
2.7959,2.0494,5.040,3
2.9071,1.8319,5.223,3
2.9304,1.9916,4.871,3
2.8592,2.2429,2.423,3
2.8954,2.1398,3.425,3
2.6570,2.3859,4.282,3
2.5636,2.8943,1.150,3
2.5999,2.6191,2.033,3
2.7345,2.2537,3.596,3
2.6263,2.1652,2.502,3
2.5759,2.2400,1.174,3
2.6857,2.0641,4.757,3
2.8142,1.9549,7.769,3
2.6504,2.1422,3.884,3
3.8776,1.1975,1.255,3
3.7734,1.4380,0.239,3
3.6808,2.0358,1.758,3
3.7572,2.1129,2.236,3
3.6470,2.0019,0.293,3
3.7677,2.0355,1.076,3
3.8765,1.8459,2.725,3
3.6754,2.0502,3.197,3
3.6081,1.9390,0.816,3
3.8616,1.5638,2.072,3
3.7317,1.8378,1.224,3
3.8349,1.6554,2.540,3
4.0125,1.4899,3.727,3
4.0270,1.5950,0.838,3
3.8845,2.4180,0.199,3
4.1053,2.3337,1.909,3
3.7295,2.6085,2.546,3
3.5935,1.9494,0.465,3
3.6647,1.9778,1.416,3
3.8288,1.3498,2.041,3
4.0187,1.1583,3.051,3
4.1852,1.1384,0.263,3
4.3937,1.2163,5.032,3
4.1982,1.4069,2.305,3
4.1685,1.2373,0.839,3
4.2243,1.0955,1.572,3
3.9288,1.2857,-0.624,3
3.6049,1.4272,-0.425,3
3.1600,1.7638,-0.201,3
3.0924,1.9135,-0.557,3
2.7940,2.0809,1.171,3
3.0902,1.7185,8.040,3
2.9838,1.9588,4.945,3
3.1730,2.0334,2.425,3
3.3308,1.6975,0.952,3
3.5138,1.5984,3.169,3
3.5497,2.0073,3.380,3
3.4987,1.6394,2.700,3
3.5404,1.5064,5.197,3
3.5589,1.4324,4.773,3
3.4983,1.4070,3.699,3
3.5416,1.4734,5.413,3
3.6012,1.4261,2.603,3
3.7221,1.3146,4.808,3
3.8222,1.3304,5.203,3
3.7561,1.6488,1.929,3
3.8406,1.6832,3.262,3
3.9294,1.6871,2.191,3
3.8949,2.0444,1.331,3
3.8326,2.3341,1.342,3
3.8426,2.5496,1.434,3
3.7414,2.8683,2.029,3
3.9579,2.5087,2.620,3
3.9383,2.4866,1.609,3
3.8931,2.6484,3.086,3
3.9510,2.4658,2.741,3
3.9908,2.6900,2.621,3
3.9762,2.7534,2.927,3
3.9173,2.6612,2.167,3
3.9703,2.6214,1.774,3
3.9679,2.6337,2.155,3
4.0086,2.4363,2.428,3
3.8386,2.4611,1.223,3
3.7584,2.5323,1.496,3
3.7758,2.5831,1.930,3
3.6931,2.7408,1.714,3
3.6309,2.9201,1.822,3
3.5953,2.5473,2.848,3
3.4262,2.6017,3.996,3
3.2317,2.3292,3.134,3
2.9610,2.1012,2.618,3
2.8333,2.3102,1.373,3
2.6501,2.4572,2.006,3
2.6380,2.4784,2.638,3
2.6104,2.7395,3.666,3
2.6553,2.7636,1.072,3
2.8069,2.4611,1.091,3
2.8083,2.4793,1.906,3
2.8866,2.3477,1.248,3
3.0346,2.1867,4.664,3
2.8424,2.3246,1.836,3
2.9484,2.3371,3.701,3
2.7865,2.5942,1.971,3
2.6233,2.7299,1.449,3
2.4977,2.8819,0.390,3
2.4966,2.8809,0.227,3
2.8090,2.4531,2.861,3
2.7603,2.5922,3.521,3
2.8679,2.3322,3.267,3
2.9720,2.1643,2.922,3
3.0613,2.0315,3.933,3
2.8282,2.5236,0.347,3
3.0087,2.2338,3.321,3
3.0155,2.2771,2.121,3
2.8810,2.2601,2.674,3
2.8329,2.1566,2.298,3
2.8981,2.1026,1.500,3
2.7467,2.4882,3.393,3
2.8319,2.3644,3.277,3
2.9843,2.2711,2.741,3
2.6033,2.6587,0.070,3
2.6669,2.6049,1.110,3
2.7322,2.6666,2.686,3
2.8593,2.3743,2.277,3
2.7579,2.6127,2.765,3
4.1508,1.1903,3.441,3
4.0490,1.3699,3.088,3
3.7342,2.1168,1.560,3
3.6769,1.9277,4.108,3
3.8862,1.3564,3.442,3
3.9396,1.4394,8.189,3
3.6287,1.4508,2.010,3
3.7124,1.2412,2.379,3
3.4807,1.2903,0.173,3
3.4928,1.3793,-0.254,3
3.7427,1.4560,2.309,3
3.8367,1.7713,4.194,3
3.7687,2.0555,1.546,3
3.8180,1.7307,3.097,3
3.7173,2.0232,1.882,3
4.0360,1.6400,3.878,3
4.1172,1.3313,7.043,3
3.8696,1.5286,3.374,3
3.5474,2.2970,1.273,3
3.5725,2.3382,2.402,3
3.8990,1.5748,4.616,3
3.8287,1.5495,1.996,3
3.7421,2.1847,0.055,3
4.0409,2.1402,1.000,3
3.9810,2.3488,2.116,3
3.4506,2.6044,2.588,3
3.5350,1.9094,0.732,3
3.8737,1.5035,2.999,3
3.7227,1.2394,0.081,3
3.8528,1.2082,-0.432,3
4.0170,1.3169,0.742,3
4.2446,1.0684,1.921,3
4.2640,1.0109,1.454,3
3.3919,1.5320,-0.783,3
3.0333,1.8034,-0.543,3
2.9726,1.9664,2.159,3
3.1797,1.9465,5.874,3
2.7697,2.1600,-0.401,3
3.3376,1.5158,5.553,3
3.1123,1.8157,3.652,3
3.1870,1.7163,4.088,3
3.3886,1.6524,2.999,3
3.4012,1.5992,2.889,3
3.6106,1.3767,6.039,3
3.4254,2.1150,2.716,3
3.6987,1.3263,4.203,3
3.7605,1.3047,7.597,3
3.5080,1.7186,2.970,3
3.6900,1.4825,3.650,3
3.8801,1.2188,8.127,3
3.9689,1.2011,7.168,3
3.9523,1.3041,7.724,3
3.7554,1.9018,3.200,3
3.6536,2.1379,1.018,3
3.6743,2.7015,2.299,3
3.7780,2.7105,1.610,3
3.8914,2.7993,1.012,3
3.9324,2.8195,0.921,3
3.8122,2.7622,1.440,3
3.9525,2.4103,2.075,3
3.8813,2.6170,2.073,3
3.7688,2.7094,0.994,3
3.8300,2.7529,1.929,3
3.8056,2.8925,1.662,3
3.6927,2.8884,1.498,3
3.7988,2.8503,1.490,3
3.7478,2.8674,2.031,3
3.6215,2.9609,2.549,3
3.5864,2.8480,1.626,3
3.5214,2.9883,1.130,3
3.4691,3.0416,1.522,3
3.3599,3.0466,1.139,3
3.5473,2.7682,1.988,3
3.5229,2.8487,2.453,3
3.5652,2.7320,2.198,3
3.5989,2.3008,3.846,3
3.3149,2.3145,3.233,3
3.0784,2.2701,2.540,3
3.0783,2.0699,1.011,3
3.1200,1.9854,4.115,3
2.5021,2.2843,2.018,3
2.4242,2.6865,-0.439,3
2.4779,2.9079,0.844,3
2.8570,2.4489,3.539,3
2.9717,2.3413,2.293,3
2.9154,2.4624,2.559,3
2.7887,2.6644,1.952,3
2.8864,2.3128,1.299,3
2.8924,2.3956,2.393,3
2.7470,2.4627,1.729,3
2.7821,2.3909,3.887,3
2.8633,2.3418,3.682,3
2.7536,2.4423,4.284,3
2.6340,2.8658,1.484,3
2.7959,2.3804,2.758,3
2.7171,2.6455,3.343,3
2.8453,2.5157,3.633,3
2.9603,2.3405,2.883,3
3.0467,2.2661,3.028,3
2.9360,2.2997,3.303,3
2.9224,2.2996,2.452,3
2.8701,2.2896,0.873,3
3.0010,2.1080,3.158,3
2.8466,2.0849,2.075,3
2.7550,2.1797,4.256,3
2.9081,1.9806,3.846,3
2.9210,1.9762,2.211,3
2.8398,2.2710,2.178,3
2.8061,2.0629,0.894,3
4.1021,1.3887,6.352,3
4.1472,1.3346,3.822,3
3.9302,1.8240,4.852,3
3.9073,1.9893,3.646,3
3.8791,1.9105,2.754,3
4.0385,1.5991,6.334,3
4.0654,1.5208,5.671,3
4.0884,1.5678,2.960,3
4.0215,1.9639,1.058,3
3.8094,2.7687,1.591,3
3.4942,3.0781,1.373,3
3.4506,2.4925,5.642,3
4.9919,0.7445,45.666,3
4.3646,2.1313,1.332,3
4.2620,2.5684,3.535,3
3.3894,2.5720,3.531,3
3.7398,1.6915,2.511,3
3.7494,1.6158,3.130,3
3.6987,1.6302,3.267,3
3.4971,1.6558,4.450,3
3.4163,1.5973,7.495,3
3.2240,1.6101,5.713,3
3.4688,1.2098,5.481,3
3.1032,1.8487,0.610,3
3.2564,1.6088,0.226,3
3.3345,1.7327,4.299,3
3.6058,1.4639,3.617,3
3.4083,1.8809,0.218,3
3.3046,1.8164,1.942,3
3.4315,1.6511,2.338,3
3.5208,1.4118,3.454,3
3.3517,1.7936,3.266,3
3.6033,1.5221,4.644,3
3.7337,1.3281,6.419,3
3.7641,1.2456,8.519,3
3.8653,1.0860,8.951,3
3.8232,1.0458,4.984,3
4.0692,0.9140,13.238,3
3.8604,1.1101,5.511,3
3.8168,1.2609,2.396,3
3.5664,1.5633,0.460,3
3.4626,1.7208,0.294,3
3.5696,1.6126,2.495,3
3.4813,1.7099,1.784,3
3.4219,1.7580,2.792,3
3.2871,1.8626,2.188,3
3.1584,2.0013,2.706,3
3.2185,1.8945,0.565,3
3.1646,1.8394,1.979,3
3.3266,1.7467,2.900,3
3.4160,1.7339,3.083,3
3.3653,1.7661,1.692,3
3.2690,1.9758,3.049,3
3.0650,2.0994,0.843,3
3.0269,2.0394,1.223,3
3.2408,1.7826,2.999,3
3.2189,1.9017,2.999,3
3.0738,2.0692,2.194,3
3.2875,1.8073,3.902,3
3.0216,2.0800,2.730,3
3.2591,1.8074,4.588,3
3.4514,1.6115,5.339,3
3.3666,1.7369,1.699,3
3.1694,1.8482,1.723,3
3.1839,2.1106,1.415,3
3.3112,1.7135,1.037,3
3.4019,1.7034,2.934,3
3.2250,2.0445,0.954,3
3.3993,2.9870,2.024,3
3.3785,2.6697,2.225,3
3.2072,2.8381,2.195,3
3.1778,3.0181,1.928,3
2.5631,3.8414,0.540,3
2.7459,3.3641,0.334,3
3.2245,2.4634,0.874,3
2.5599,3.5085,0.811,3
3.4824,1.3209,0.948,3
3.6706,1.2303,-0.601,3
4.1022,1.7189,-0.399,3
3.7872,1.7614,1.728,3
3.4874,2.2420,0.612,3
3.3628,2.3542,1.412,3
3.2460,2.5840,1.323,3
3.0969,2.7052,1.964,3
3.1543,1.5895,5.642,3
3.0988,1.6036,7.423,3
3.0637,1.7566,4.041,3
3.0878,1.8666,4.604,3
2.8875,1.6569,1.067,3
2.8889,1.7895,1.359,3
3.2561,1.5222,3.536,3
3.3547,1.6138,1.262,3
3.3099,2.6824,2.035,3
3.7513,2.2822,1.414,3
4.1067,1.3128,3.939,3
3.6179,1.6831,1.220,3
3.7917,1.4762,5.523,3
3.8637,1.4419,8.838,3
3.8812,1.3464,4.089,3
4.0438,1.1975,6.587,3
3.9630,1.3342,6.084,3
4.1132,1.1415,6.113,3
3.7538,2.0062,1.975,3
4.0109,1.8146,3.557,3
4.0093,1.5787,3.913,3
4.2637,1.1677,7.614,3
4.0164,1.6464,3.925,3
3.8687,2.0235,4.670,3
3.8915,1.9589,3.212,3
4.0288,1.6509,6.253,3
4.0443,1.5710,5.538,3
4.1389,1.4854,3.335,3
4.2439,1.6150,0.949,3
4.1047,2.2912,-0.170,3
4.2353,2.4223,1.175,3
4.2148,2.4952,2.158,3
4.2414,2.4942,2.087,3
4.3353,2.5531,1.446,3
4.4258,2.4149,3.012,3
3.9147,2.2843,5.070,3
3.7516,1.6734,2.733,3
3.8661,1.5803,4.041,3
3.7052,1.7037,2.459,3
3.5694,1.7067,3.784,3
3.4103,1.7367,6.060,3
3.3434,1.5356,6.606,3
3.1982,1.4706,4.137,3
3.2505,1.4996,4.327,3
3.2751,1.6554,2.888,3
3.1954,1.8325,3.515,3
3.5341,1.5339,6.374,3
3.4271,1.7485,3.135,3
3.2569,1.9233,0.637,3
3.4355,1.6927,3.896,3
3.6081,1.3535,5.920,3
3.3273,1.6717,1.474,3
3.5972,1.5640,6.128,3
3.7435,1.3469,8.623,3
3.8137,1.2290,12.189,3
3.7481,1.2228,5.643,3
3.8635,1.0512,9.526,3
3.9771,0.9695,7.504,3
3.8486,1.0367,7.214,3
3.7517,1.3013,1.869,3
3.6667,1.4607,2.786,3
3.5434,1.6138,2.042,3
3.5941,1.6477,4.340,3
3.3641,1.8724,1.833,3
3.4008,1.8584,2.009,3
3.2240,1.9642,2.782,3
3.1479,2.0246,1.907,3
3.2538,1.8076,3.688,3
3.0457,2.1000,2.272,3
3.3863,1.6956,3.783,3
3.3549,1.8271,4.530,3
3.3960,1.7433,3.892,3
3.3310,1.8099,1.928,3
2.9754,2.2458,0.653,3
3.2612,1.7890,3.326,3
3.1499,2.0470,3.125,3
3.1925,1.9555,3.763,3
3.2299,1.8568,3.491,3
3.1990,1.9368,3.718,3
3.2665,1.8000,3.434,3
3.2317,1.9499,2.347,3
3.4656,1.5409,8.912,3
3.4111,1.6584,6.666,3
3.1175,1.9362,-0.324,3
3.1081,2.2464,2.623,3
3.2141,1.9434,1.896,3
3.3875,1.6449,3.489,3
