# Regression profiles of the reflectivity closure of Ziegler (2013a, eqs. 9-11), fitted to a simulated squall line
# Ziegler (2013a) fitted these profiles to his simulated supercell but did not tabulate them. These were fitted to a
# CM1 squall-line simulation and are a stand-in: they describe that storm, not Ziegler's.
# model: CM1 release 21.1 (Bryan and Fritsch 2002), GSR-LFO single-moment 3-ICE microphysics (ptype 4): rain n0r = 8e6 m-4,
#   graupel/hail n0h = 3.355e5 m-4 (= (n0g)_0) and density 660 kg m-3; dx = 500 m, 89 levels to 18.25 km; capped squall line
#   (line thermal, periodic along the line, 400 km across it), sounding from a PERiLS 2022 IOP2 launch with a moistened boundary layer
# samples: 1-km block means, output every 2 min from 140 to 240 min, levels 0-10 km; w < 5 m/s, Z_H > 0 dBZ, q > 0.01 g/kg;
#   Z_H from Ziegler (2013a) eqs. 7-8 applied to the model rain, graupel and snow
# fit: Levenberg-Marquardt per level of q_r* and q_g* against Z_H with eps_r = 0.5 and eps_g = 1.0 g/kg; cubic smoothing spline in z*
#   (weights sqrt(n)); tabulated every 100 m. z* = z + (3.9 km - H_melt) with H_melt = 3476.6 m (environment 0 degC level, m above ground)
# S0_n0g = 0: the model graupel intercept is fixed at (n0g)_0. Levels with fewer than 200 samples (rain above the melting level) have
#   Z0 = 99 dBZ (negligible provisional content).
# consistent closure constants: n0r = 8e6 m-4, graupel density 660 kg m-3
# columns: z_star (m), Z0r (dBZ), S0_qr (dB), Z0g (dBZ), S0_qg (dB), S0_n0g (m-4 dBZ-1)
z_star,Z0r,S0_qr,Z0g,S0_qg,S0_n0g
400.0000,39.1551,7.5450,110.7905,14.1500,0.0000
500.0000,39.1177,7.5440,110.7905,14.1500,0.0000
600.0000,39.0499,7.5378,102.2946,12.0748,0.0000
700.0000,38.9736,7.5394,88.7700,8.9191,0.0000
800.0000,38.8972,7.5404,83.9429,7.9456,0.0000
900.0000,38.8204,7.5413,81.2319,7.5036,0.0000
1000.0000,38.7458,7.5425,79.8507,7.4065,0.0000
1100.0000,38.6740,7.5433,78.9717,7.4365,0.0000
1200.0000,38.6044,7.5419,77.7516,7.3620,0.0000
1300.0000,38.5362,7.5384,75.8170,7.0856,0.0000
1400.0000,38.4680,7.5352,73.6679,6.7602,0.0000
1500.0000,38.3983,7.5347,71.8354,6.5453,0.0000
1600.0000,38.3267,7.5370,70.3244,6.4330,0.0000
1700.0000,38.2525,7.5410,68.8826,6.3335,0.0000
1800.0000,38.1764,7.5458,67.3821,6.2069,0.0000
1900.0000,38.1002,7.5516,65.9304,6.1076,0.0000
2000.0000,38.0258,7.5584,64.6441,6.0927,0.0000
2100.0000,37.9555,7.5664,63.5078,6.1600,0.0000
2200.0000,37.8917,7.5756,62.4411,6.2778,0.0000
2300.0000,37.8369,7.5869,61.3829,6.4209,0.0000
2400.0000,37.7934,7.6029,60.3088,6.5763,0.0000
2500.0000,37.7657,7.6247,59.2022,6.7359,0.0000
2600.0000,37.7759,7.6409,58.0793,6.9217,0.0000
2700.0000,37.8545,7.6345,56.9716,7.1702,0.0000
2800.0000,38.0186,7.6040,55.8798,7.4758,0.0000
2900.0000,38.2599,7.5775,54.7467,7.7545,0.0000
3000.0000,38.5745,7.5786,53.5211,7.9241,0.0000
3100.0000,39.0151,7.5684,52.2529,7.9845,0.0000
3200.0000,39.6618,7.4777,51.0418,7.9764,0.0000
3300.0000,40.5149,7.2996,49.9549,7.9419,0.0000
3400.0000,41.4272,7.1429,48.9986,7.9252,0.0000
3500.0000,42.2585,7.1120,48.1722,7.9617,0.0000
3600.0000,43.0590,7.1702,47.4720,8.0122,0.0000
3700.0000,43.9726,7.2118,46.8923,8.0012,0.0000
3800.0000,45.0735,7.1756,46.4213,7.9024,0.0000
3900.0000,46.3062,7.0829,46.0359,7.7812,0.0000
4000.0000,47.6047,6.9620,45.7133,7.7051,0.0000
4100.0000,48.9322,6.8212,45.4442,7.6775,0.0000
4200.0000,50.2663,6.6597,45.2260,7.6704,0.0000
4300.0000,51.5802,6.4826,45.0528,7.6642,0.0000
4400.0000,52.8389,6.3070,44.9121,7.6547,0.0000
4500.0000,54.0136,6.1538,44.7916,7.6400,0.0000
4600.0000,55.1364,6.0639,44.6846,7.6221,0.0000
4700.0000,56.2689,6.0882,44.5875,7.6048,0.0000
4800.0000,57.4586,6.2565,44.4965,7.5910,0.0000
4900.0000,58.7267,6.5603,44.4090,7.5812,0.0000
5000.0000,60.1219,6.9988,44.3222,7.5758,0.0000
5100.0000,61.9446,7.6714,44.2363,7.5732,0.0000
5200.0000,64.6168,8.7255,44.1530,7.5712,0.0000
5300.0000,68.3522,10.2061,44.0728,7.5686,0.0000
5400.0000,72.9755,11.9669,43.9953,7.5665,0.0000
5500.0000,78.3035,13.8616,43.9194,7.5662,0.0000
5600.0000,84.4340,15.9154,43.8443,7.5647,0.0000
5700.0000,91.5995,18.2367,43.7688,7.5576,0.0000
5800.0000,99.6226,20.7866,43.6925,7.5443,0.0000
5900.0000,107.5628,23.2520,43.6164,7.5313,0.0000
6000.0000,114.5133,25.3302,43.5417,7.5250,0.0000
6100.0000,120.5284,27.0515,43.4682,7.5219,0.0000
6200.0000,126.1380,28.6110,43.3954,7.5137,0.0000
6300.0000,132.1395,30.2771,43.3232,7.4966,0.0000
6400.0000,139.8213,32.4523,43.2522,7.4749,0.0000
6500.0000,150.1896,35.4478,43.1828,7.4530,0.0000
6600.0000,161.4860,38.7008,43.1143,7.4283,0.0000
6700.0000,170.6164,41.2261,43.0451,7.3947,0.0000
6800.0000,177.0397,42.8357,42.9748,7.3501,0.0000
6900.0000,184.9741,44.8274,42.9053,7.2992,0.0000
7000.0000,199.0199,48.6052,42.8385,7.2470,0.0000
7100.0000,222.6648,55.1162,42.7761,7.1933,0.0000
7200.0000,258.8348,65.0784,42.7194,7.1352,0.0000
7300.0000,308.9944,78.7248,42.6678,7.0696,0.0000
7400.0000,371.9017,95.3911,42.6172,6.9929,0.0000
7500.0000,445.8101,114.3099,42.5640,6.9022,0.0000
7600.0000,527.2382,134.6709,42.5145,6.8017,0.0000
7700.0000,589.2451,150.0431,42.4794,6.6991,0.0000
7800.0000,589.2451,150.0431,42.4597,6.5957,0.0000
7900.0000,589.2451,150.0431,42.4376,6.4817,0.0000
8000.0000,99.0000,5.0000,42.3961,6.3475,0.0000
8100.0000,99.0000,5.0000,42.3393,6.1979,0.0000
8200.0000,99.0000,5.0000,42.2816,6.0446,0.0000
8300.0000,99.0000,5.0000,42.2289,5.8941,0.0000
8400.0000,99.0000,5.0000,42.1713,5.7430,0.0000
8500.0000,99.0000,5.0000,42.0981,5.5873,0.0000
8600.0000,99.0000,5.0000,42.0082,5.4275,0.0000
8700.0000,99.0000,5.0000,41.9048,5.2664,0.0000
8800.0000,99.0000,5.0000,41.7878,5.1049,0.0000
8900.0000,99.0000,5.0000,41.6512,4.9403,0.0000
9000.0000,99.0000,5.0000,41.4940,4.7719,0.0000
9100.0000,99.0000,5.0000,41.3626,4.6213,0.0000
9200.0000,99.0000,5.0000,41.3259,4.5202,0.0000
9300.0000,99.0000,5.0000,41.3537,4.4526,0.0000
9400.0000,99.0000,5.0000,41.2308,4.3138,0.0000
9500.0000,99.0000,5.0000,40.7678,4.0114,0.0000
9600.0000,99.0000,5.0000,40.1528,3.6341,0.0000
9700.0000,99.0000,5.0000,39.7572,3.3587,0.0000
9800.0000,99.0000,5.0000,39.7209,3.2542,0.0000
9900.0000,99.0000,5.0000,39.7518,3.1890,0.0000
10000.0000,99.0000,5.0000,39.5558,3.0294,0.0000
10100.0000,99.0000,5.0000,39.2105,2.8068,0.0000
10200.0000,99.0000,5.0000,38.9751,2.6332,0.0000
10300.0000,99.0000,5.0000,38.9852,2.5670,0.0000
10400.0000,99.0000,5.0000,39.1449,2.5661,0.0000
